<?xml version="1.0" encoding="UTF-8" ?>
<!DOCTYPE mapper
  PUBLIC "-//mybatis.org//DTD Mapper 3.0//EN"
  "https://mybatis.org/dtd/mybatis-3-mapper.dtd">
  
  	<!-- mapper 태그 : 해당하는 영역 안쪽에 SQL 구문을 작성 -->
    
<mapper namespace="com.smhrd.database.DAO">

	<!-- namespace >> Mapper 파일을 식별할 수 있는 식별자
				   >> 해당하는 파일을 사용할 DAO랑 같은 이름을 줘야 mybatis가 알아서 찾을 수 있다.  -->

	<!-- id : SQL구문 식별자! 절대 중복되면 안된다! 
		parameterType : 매개변수로 받아오는 자료형 지정 (기본자료형이 아닌 경우에만)
		resultType : sql 구문을 실행후에 되돌려주는 결과값 자료형 지정
	-->
	
	<insert id="join" parameterType="com.smhrd.model.MemberVO">
		insert into b_member
		values(#{email},#{pw},#{tel},#{address})	
	</insert>
	
	<!--  로그인 기능 -->
	<select id="login" parameterType="com.smhrd.model.MemberVO" resultType="com.smhrd.model.MemberVO">
		select email, tel, address 
		from b_member 
		where email= #{email} 
		and pw= #{pw}
	</select>
	<!--  resultType의 동작원리
			1. MemberVO vo = new MemberVO()
			2. vo.setEmail(email)
			3. vo.setTel(tel)
			4. vo.setAddress(address)
			* 만약 조회한 column과 이름이 일치하는 필드명이 객체안에 존재하지 않는다면,
			동작하지 않고 , 에러가 발생!!
			>> 해결할 수 있는 방법은 (1) 객체 필드명 바꾸기 (2) sql 구문에서 alias부여하기
	 -->
	 
	<!--   <select id="selectAll" resultType="com.smhrd.model.MemberVO"> -->
	 <select id="selectAll" resultType="mvo">
	 	select email, tel, address
	 	from b_member
	 </select>
	 

	<update id="update" parameterType="mvo">
	 	update b_member
		set pw= #{pw}, tel=#{tel} ,address=#{address}
		where email=#{email}
	</update>
	
	<select id="todoList" parameterType="com.smhrd.model.MemberVOtest" resultType="com.smhrd.model.MemberVOtest">
		select textval ,stat 
		from memo 
		where email='wndnrjs27'
	</select>
	
	<delete id="todoDel" parameterType="com.smhrd.model.MemberVOtest">
		delete from memo 
		where textval = #{textval}
	</delete>
	
	<select id="EmailCheck" resultType="String">
		select email as result
		from b_member
		where email = #{email}
	</select>
	
	<update id="todoMove" parameterType="com.smhrd.model.MemberVOtest">
		update memo 
		set stat = #{stat} 
		where textval=#{textval}
	</update>
	

	
</mapper>